0,1,2,3,0
0.132570195397954,0.500301845938951,-0.7152342386239117,-0.42930196450582025,0
1.462975023978883,-2.813399863093246,-1.616886292496887,-1.8554581607510658,0
1.083967218797432,-1.4061262998851243,-1.3304887012808047,-1.828437020611077,0
0.7764606520713271,-2.601842742976241,-2.506313800258093,-1.487597413276279,0
2.750713283903892,-3.0318439417998917,-0.5946662894531056,-4.783317618167418,0
0.4563128536179465,-0.811373536261754,-1.9564072180174021,-3.7787009732260297,0
0.23674044417714302,-0.566007014808114,0.20864402786930025,-0.7851926501471209,0
2.1890654403226053,-2.4131270114292818,0.1180801013524384,1.193060368426535,0
2.2084930860279917,-1.2174880271979662,0.47362354062765766,-0.9703873268352365,0
0.7702421872948185,-1.0014978052883619,0.4019586268878408,-0.3645500007455891,0
-0.16252998430975563,-0.12223703788409057,-1.9706269227194073,-0.6033341427643567,0
1.7846980874542204,-2.142165869006798,-1.4237511832802785,2.8685039960587586,0
1.796948151548185,-1.767177968440179,-1.6502674859022533,2.558838925890083,0
0.45091082626736023,-0.1163642307739251,-3.2324978031484397,-0.26694584641970653,0
-0.9269657611190267,0.5782215937680273,-2.210063319585646,0.43439244178482883,0
2.704844537492079,-2.2948948870283763,0.48215829567657353,-0.31033969471981526,0
1.0032833256880254,-1.4091127241712755,-1.0336795306765398,-0.3993146303550579,0
0.5529915989309415,-1.2560054203807849,0.3720509762720634,1.5426249791533884,0
1.5303261027910926,-1.7284804601899326,-1.0888323006991767,-3.112535405994133,0
-0.28678607484824625,0.9844059900760473,-1.0227941892528822,0.9705396441377039,0
-0.42742070683961986,0.9405702848350179,-0.27749114023792854,-1.2772350529905392,0
0.3272357350572702,-0.6215101404901391,-2.324154382011031,0.23841505412322972,0
2.0130882688684757,-2.337129981545838,-0.5737901791844126,-1.1445710860971465,0
0.07330091596536126,-1.474574275601201,-2.237671957910174,0.6766068074886635,0
1.4008784366902285,-1.3060822720117784,-0.8119784413518689,1.250773917562716,0
-0.3009609916274545,0.5624733596657994,-1.8874469226107968,-1.9098409532499057,0
0.8229386920285959,-0.8123306406668174,0.7477147110389732,-0.399220295391121,0
2.1839990038914285,-2.098621744206808,0.2303064054423989,1.7371642637594675,0
-0.07830009967785467,-0.47219881999496405,-2.184888048681065,-0.005104827514454735,0
0.9959680923253592,-1.2615089504573955,-1.4690571287367857,-1.192148808198741,0
-0.2774648946585194,-0.09028690566935338,-2.0125575401112705,-0.4042822678833937,0
1.745313579946954,-2.465553540015632,-1.2368125192269368,-1.019344118725375,0
-1.1026430756659833,0.5494159207153857,-2.728107507543859,-0.390582992293777,0
1.2655493443358266,-1.4589678809561049,-1.4938896487654163,1.058101906093573,0
-0.05881887191006685,-0.17780453251405537,-4.1834359012572895,1.1281525109517125,0
-0.27767543401416783,-0.3504986304218439,-2.030484001802989,-2.259504611919699,0
2.448148563595935,1.7912569586909268,-0.1130026668458135,-1.2802468237550804,1
2.0733349501653393,-1.5921784159166066,-0.3036988774056355,1.6988873803783466,0
3.081194895077109,-3.3252400858180127,-0.4131711739449506,-4.242130034664193,0
0.37213360120979777,-0.6127680243325768,-1.7179492636175793,-1.1824640424683386,0
1.3168325277878694,-0.917289356382441,-0.7686479925757118,-1.1299349892285249,0
1.3384209654704926,-1.76334028230599,-0.9892046474860285,-1.8569800311596933,0
2.0485804379315526,-2.649086925564808,-0.7567893358010391,2.8281320326127615,0
-0.484345327381436,-0.2139483219909062,-2.353369794629396,-0.7401595642754826,0
2.2686982049087687,-2.3350020364240978,-0.1212439126549758,3.2215137056923853,0
-0.9419127369580551,-0.42595742439081874,-2.6440252071451837,1.2205274003906688,0
1.8897433360348184,-2.023880591635473,0.34520562129389987,2.574856185157185,0
2.152817304983013,-1.1800161459666447,-0.4377542025168837,2.1208700146525716,0
1.2445511614933655,-0.34689905387622677,-0.6395420202151099,0.009007660653119531,0
0.6634438956307279,-0.9243365752319973,-0.42311807518266464,0.42073158668888433,0
1.0216072327205257,-1.073360897889214,-3.4343452993937054,2.5968765963263687,0
1.3162314333692364,-1.1913660659719056,-0.6527934770414723,-0.5131523781271976,0
1.9889278918474664,-1.5060005768297255,1.4186218235034027,0.9086244977635975,0
1.8408058117689663,-0.5358602564448359,0.5334370656630545,-0.329823631543108,0
-0.8994149439390893,2.4043246380459693,-1.0429302754304912,-1.0317016799956855,0
0.5218738000667851,-0.47940340904534406,-1.605192293693483,-1.3998440337432545,0
-1.3277934008944023,0.8628978470032118,-2.6644375399957587,-0.8431036349882125,0
1.560990891814237,-1.8786164044231142,-1.2092009591338828,-2.914041621699136,0
0.34014228450747763,-0.6678423178554636,-2.0499510949021538,-2.9238111287095503,0
1.5351605186477726,-1.1405817029280334,-0.29369243656482524,-1.6343506420319467,0
0.10701100990516055,0.22285931966908823,-1.3910066230287357,-0.3628076000309912,0
2.8207227037746483,-3.3761297916259796,-0.6350025138942776,-3.0588496368670555,0
1.7168058698960276,-1.7428293993804285,-0.5135915435850401,-2.3178962391111666,0
1.5178969874629837,-1.2317471222732346,0.8817400508374487,0.05558468606690814,0
1.5241011626130585,-1.6662665554708012,1.2917014204731414,1.2771655986417212,0
0.4528376878871392,-0.18493786771160137,-0.4720603864563506,2.3314319161960224,0
0.6704426325382773,-0.1956791438059674,-1.3392202711532248,2.1923260897612113,0
1.1185267055728072,-0.46233370409670727,-0.18369775784640374,1.413564741887994,0
0.8191822079228631,-0.5147781835074714,-2.1281547195348134,2.062015426988905,0
3.1472295570429853,-1.9565285403154067,1.0814263983555974,-1.4802849685453014,0
1.010610711372748,-1.9771430902188207,-2.468753906839962,3.2875947726241086,0
1.5697557339138544,-1.596276957714305,-0.3581887609995129,0.754764040867685,0
1.9152476405119572,-1.6261106281017816,-0.5617794410931403,-2.2035257441189966,0
2.358730865222099,-2.3887069604389906,1.5054899304169038,1.1443619875806108,0
-0.05873338334505429,-0.6188723581133562,-2.2271595128172166,-2.67756954666672,0
0.6637037827554599,-0.5392309041894061,-2.4331335379955017,1.2227325983283461,0
1.8518617384423357,-1.0727155236386718,-1.4079172011379508,2.5970954340246153,0
0.28045236531520856,-0.8920153781324658,-1.3785473459568585,1.6665258617963268,0
0.1535670237824036,0.19176958398439803,-1.7841340859154071,0.1263634088593405,0
1.3913702148332823,-2.0473206630561362,-1.0652589505457053,-0.1256508499696024,0
-0.7604619914830382,0.01902850646709542,-2.6078181888220002,0.03282775637345048,0
1.0391728129842703,-0.9198880451431604,-0.38277127887368956,0.6809420932955288,0
1.635332528495685,-1.5378228459334173,-1.4789221314743328,2.200088136874201,0
1.9041162097535271,-1.3417031973466707,0.14204036928740238,-0.5652129520398027,0
-0.24031012661670448,0.7596934313861949,-1.2415001606042662,0.1004797096058978,0
1.1842527150854107,-1.290486651144436,2.0675703270999537,-1.4784057665163033,0
0.9563620211276969,-2.0689650265939123,-1.7132780445196738,-0.342147614912403,0
1.178975232885105,-1.1544277512901022,-0.8884826712530091,-0.3664997814087656,0
1.4913666493722946,-0.8361870764937006,-1.8096086504562885,1.3441294082557178,0
1.795555878734565,-1.5003795582163348,0.04005712613590484,0.010299079788193888,0
1.0969029497069027,-1.2009624708206492,-1.1972760444025345,-1.6172922553045348,0
0.7033414017984545,0.20505651954529314,-0.3144217454744367,1.4049939526938848,0
-0.0567030730164213,-0.8944360436587456,-0.8154825001457864,0.020084814212478208,0
0.21914654924756805,0.17159739628551685,-1.6033819927695974,0.33295717173940476,0
1.1500968214493286,-1.8905368344064086,-1.849919732782806,2.3077861847607353,0
0.7942044257392995,-1.121081125627968,-1.2382529352994818,-1.1362281073030134,0
2.0695987228685118,-1.2227074602830672,-0.0774970483693529,-3.114807733141689,0
2.0327777059405143,-1.5068442542830485,-0.37839880221874456,0.6293966922283838,0
-0.9466976894161481,0.6136228154892873,-1.509998127316682,-0.8789437038693935,0
1.7646424949858264,-0.6734310178631193,0.6937233803990897,1.569876867733846,0
0.4020779854054001,-0.4585461678263836,-1.2518170928045096,1.964107361000989,0
1.6238274357533142,-1.6300240079063344,-0.9586031396723129,-3.0181998360846896,0
1.2545579663527524,-1.4641166146734204,-0.814808010913718,0.5933890089729398,0
1.6742910089783054,-0.7083567832338812,0.2508873704020218,-0.0494370549477815,0
2.3981834014580214,-2.652394860944307,-2.1823143244210463,1.5160122826721532,0
-0.3438742524192724,1.0887699862575584,-1.2099910405466268,-0.4144110326178583,0
1.8828429719499358,-1.4795135589884418,0.01605513124367297,0.27693462092581234,0
0.35179203337365095,0.16697106104419746,-0.17946346219176657,-0.9084199373742892,0
0.8025383675177248,-1.0326581482288997,-0.3623067558904406,1.3448894438001127,0
2.9582737654652123,-3.3666954739248305,-0.5260811047759983,-4.632907633211922,0
1.547376151148495,-1.833196748936143,-1.4301833125875252,1.6516978478243605,0
1.8894369711115593,-2.151562292362002,0.22860913764690793,1.685930856743224,0
0.4011312168452358,-1.2295994513790167,-2.259889805019429,-2.712236416317526,0
0.35572711740630447,0.13669724173920672,-0.1712319872138942,-0.437192634031075,0
1.6661891427497149,-1.571213722099452,-0.5069837148840646,0.29907104918675886,0
0.974562787030308,-1.1203975261909571,1.3077810608276104,0.8981925469608097,0
1.5762981751333842,-2.095485336979574,-1.51322353726041,-3.42181180924202,1
1.0687821630470589,-1.0025390358582664,-1.716433381116818,0.9313996862537274,0
1.3013661462680024,-0.5470463568767083,0.2798725181187991,0.23956194816909404,0
0.30135559025776293,-0.2447029378942771,-0.543021529130729,0.9669319676899993,0
1.2356839530765096,-1.905759261446323,-2.1391269742359036,0.5625712836517762,0
1.212033205850266,-0.44069447339214707,1.4281475058559763,-1.6744027002330535,0
0.06445431728999218,-0.15014037681254522,-3.3559567399364725,-0.6475298089261297,0
1.4490961997654248,-1.243986974844957,-0.6969956705453615,-1.0787086012837819,0
0.5845992371275374,-1.3807331277532615,-1.6597121519428804,-0.3577117263072982,0
1.4172670129471652,-1.8960544447973517,-2.1127351713267735,2.8819331984084,0
0.9659338332633975,-1.3012705959117739,-1.7989936592653553,1.1742456477918215,0
0.7302269046914418,-1.2505588144384172,-2.0724234388667675,3.158341373566277,0
1.5120624042140518,-1.105760075216872,0.8878457431323121,0.9085824263632527,0
-0.3447785960069458,0.4569479590748011,-1.397348372131391,0.6038860730132263,0
1.3925132429205065,-0.5830129792262143,0.36277792379181717,-0.6184187766988101,0
1.8806967592469317,-2.502125016642481,-0.5491324527083843,1.0096571248593216,0
0.8105673674904151,-0.5267045886135978,-0.8699430309031415,-0.948293867937563,0
1.160928075551429,-2.2503883073307125,-0.8280940861650944,2.4452172899575704,0
0.6744861345512984,-1.7417240043570015,-2.1567308573197193,-3.5165978249737186,0
0.2997517879287128,-0.15361383223644587,-1.3369184696606122,0.8868331031276876,0
-1.6647117213759386,0.9007438815274942,-2.55213076109003,3.1595102788562492,0
1.0011938625091674,-1.4898120637579624,-1.4255387374465571,1.5928556129131457,0
-1.205567084707484,0.06752200347416748,-2.5490984230918983,1.9914790806140417,0
0.9432273920123345,-1.4612715545344828,-1.5321610950777065,-2.88943112231404,0
2.513760299807746,-2.073165304893326,-1.2332305302009725,2.1413233192825603,0
1.187134367126134,-1.0892581603847789,-0.26822043703160625,1.250409801067224,0
1.9355921839659262,-0.8688632130637814,0.04257931437801177,-2.7266672027099847,0
0.6208988255767087,-1.1838549694082188,-1.3972854482889219,1.6723132717309532,0
0.7337143128260983,-1.22151942143744,-1.2256237029225523,0.31041953674971423,0
0.7870605573055711,-1.0710449002321685,1.2733726255501132,-1.0670931717268766,0
0.6286551222964809,-1.4643982149023747,-1.9810341498523945,-2.874552801527917,0
0.34168647686035325,-0.13181067183723494,-1.3037178738285455,-1.4412078605467906,0
0.7941384428706556,-0.7019802839163751,-1.6833499482409242,0.6686992268327956,0
0.824442415091071,-2.0622815958223932,-0.35057254324606923,2.735645903005558,0
0.49217518843855335,0.23211736373890668,-0.810187039169205,-2.0267989760077727,0
1.7736019683943571,-0.3517422867734735,0.37228633496568353,-0.06213517001295665,0
-0.6829225413407933,0.9905925825705815,-1.6786493473735185,-1.070851452777589,0
1.9609572687449466,-1.8466091728039429,-1.8564916960591384,2.178428425328544,0
1.0916041669534453,-1.607620760469541,-2.415503569376834,2.3077798736458757,0
-0.5391871464966063,-0.5331686813662653,-2.5013364618759715,1.3417730374721883,0
0.48549341690672354,-1.0834725239215601,-2.2256165368421144,1.1613360985477166,0
-0.3504118350960512,0.7194527250748228,-1.4650134027262713,-0.17971651855678905,0
1.782915511628041,-2.8872556203269584,-2.199310055582691,2.3149107574382057,0
-2.262796195665818,0.5203053886847047,-3.65920911455559,1.61385684541917,0
1.117867454165654,-0.8374088985599574,-0.7622013903913603,-0.7506016663377797,0
0.40801783525213875,-0.15689824820452236,-1.2379420794562201,-0.3952473033672338,0
0.9694257583586182,-0.5201722242873725,0.00047340807824047815,1.0094797926161154,0
1.0073242855066187,-1.8944863208567289,-1.7294944884149848,-2.1811927366736708,0
0.9090433509380067,-0.667496115812464,0.7859672712308319,0.7075304689452193,0
0.3303568760358845,0.429863008714058,-0.4255816639283738,0.9793783898459434,0
1.8695785493985109,-1.5788893026241462,-1.4349894232936706,3.761434487552538,0
2.209621324179537,-2.2045605574882243,0.49019506532044765,1.2264075360297886,0
0.7746529357722468,-0.46613927087590645,-0.9800962901860546,-1.118519961784593,0
0.48150194622199827,-0.9899542038370719,-1.8875456135781135,-2.0399918513150137,0
0.8461801341396508,-1.7710695058493593,-1.8103710245934992,-1.0750986375851908,0
1.5060127560363967,-1.3229302449660838,0.830069326290628,1.203673510431127,0
-0.7527919438217778,0.532360071663162,-2.2185445680897296,-0.7239161823256279,0
2.200381238490286,-2.1614930140134776,0.4330863678450816,1.1716935393912005,0
3.809493343148536,-3.967461833487967,0.10616216309664694,-4.408833296166723,0
1.0181326121667489,-0.6536322634743008,-1.1830326558525184,-2.9122152629077194,0
1.9508563417995939,-1.3753295312699056,-2.067676796309533,3.2799555093831763,0
1.4329727819181657,-2.2025668671365137,-2.979561905350515,4.772464477516177,0
1.6005972954946297,-1.362324963319766,-3.5598005538887647,2.2167463394933353,0
0.06633842992098415,-1.0772961247229356,-1.9718255514082395,0.19625827087842151,0
0.6022976096434214,-1.190774790779769,-0.446752667245945,1.2185424561691236,0
0.6835038730953176,-0.7021844284579362,-2.544368978569036,0.48756800385496524,0
1.0626325092876487,-0.23471430071922406,-0.5607593483371157,-2.317536552333392,0
1.9846475357611615,-0.7700706614346097,-0.12139093618206587,-4.008276931002271,0
1.3052217225995943,-0.16210851591369335,0.4565181313614013,0.6720995885924048,0
2.658329914780969,-2.007916956850717,0.49142692772512886,-1.9417708698087313,0
0.38868949318881796,0.03336403618625039,-1.5484841424701212,-2.9910522947876506,0
1.6120078848017472,-2.4194857888818078,-1.320699291835032,-1.33665142160734,0
1.1765385002696043,-1.154830151234012,-0.683954942287403,-0.986709197758215,0
2.170332334662356,-1.0892721373709335,0.4189198492227675,-1.1424375807751852,0
0.603653962118232,-0.6202426634746875,-0.7351493274490878,1.8827884239709645,0
2.621471099067052,-1.854464177972301,-0.31917230356313553,-5.3955134090490215,0
1.0214756838567807,-0.8131744590806483,0.29367047532436463,-0.8014139553037001,0
-0.0019415462075884626,0.5885982305526414,-0.8370776172612464,0.778378816547107,0
-0.6094944136742608,0.7155211461115636,-1.6703905606138658,0.3705604483706033,0
1.824760035983247,-3.601215286247379,-4.014011766471875,4.745980225830591,0
1.3029979108124978,-1.456600307529047,0.1535043560292415,1.5710870108316746,0
0.6990327319503251,-0.509313895061324,-0.8590590644609125,-0.8112628847732225,0
1.8119374218971784,-1.9694684693142441,-0.5951020075172099,1.0051495833979966,0
3.015260199288823,-1.9090430932595752,0.6912156833088665,-3.0900266964980285,0
0.6581913647623505,-1.4756475189018343,-1.2007473706470908,1.4716320467078834,0
0.14488785112845803,-0.235981669648044,-1.1577635096545391,0.42743452868413545,0
1.1061373629058142,-1.226724895948484,-1.6968878475620044,1.8826718510763532,0
-1.2956761528322,1.0066345966235604,-1.8867098663112847,2.656216105939271,0
1.951054142575193,-1.7800621187074515,-0.27880502426494624,-2.833012839116262,0
1.2709693099564512,-2.6646686745146995,-1.8820787595039028,-1.7013202666216332,0
-0.3744626668127815,-0.22700682241934467,-2.024253655438145,-0.43479067114312586,0
0.4024036659650334,-1.022076289423208,-1.611557900466138,1.3242521028589103,0
-0.7036623279123091,0.861106776465931,-1.4496566673048055,-0.38968536180917646,0
0.18592761890626763,-0.4823330777108188,-2.946404616119904,1.3631884904416949,0
0.909849565465298,-0.6914639319189011,-0.841953491316365,-0.4749949163684263,0
1.299392760739952,-0.6040796262951111,-0.7781614366203702,-2.978804276072272,0
-0.30328013624778793,0.8258789926547438,0.3585508404430866,-1.3325123558980603,0
1.7157081194445518,-1.6751654363047834,-1.1796894695780955,2.617621623985671,0
0.7488902833233853,-1.67520100761939,-0.17647018343992082,1.1875708934778253,0
-0.023361420805517286,0.030408494832349753,-1.3430944488480723,1.2752167589093766,0
1.4387933782043583,-1.9977350092724322,-1.6198420917349137,2.1341273609895577,0
0.6832102283066963,0.6986345038302884,-0.06459347624820622,-0.5438911545806249,0
0.09591871938365981,-0.7938971451319671,-3.341434945558018,1.123595194101393,0
0.6283978262969734,-1.0611664522545967,-3.196643892488254,2.409525272957823,0
-1.913619005142678,1.456049690659758,-2.349147539291282,2.4350181735051635,0
3.130991755745815,-2.857687908917683,0.5301266982767827,2.181291014558698,0
-0.24798070499257818,-2.245054281362818,-3.1570557353892843,1.4868819676522675,0
1.4150565458116189,-1.075555982789877,-0.7611233513202064,1.4428104715425905,0
0.05084257070859999,-0.7739879421573806,-1.946590195980751,-1.0376836974439714,0
0.9160117455255451,-1.6477131654840176,-1.2624148765482857,-0.8681554647360737,0
1.0987914049578122,-1.7506348104419769,-1.622998376826363,1.7021557543605557,0
1.4585068690400593,-2.7348636912341995,-1.6736944905410456,-1.5734336508161633,0
0.20957614416371895,0.664494443078627,-0.8271447955978404,-0.725255962631655,0
0.17132184075715073,0.22475816659961745,-2.4819478290310584,0.3864883699267292,0
0.5104261237271279,-0.3033586584720557,-1.9197575341393496,1.0932980533098202,0
1.5397013455909936,-1.3397620483432007,-1.8606166366653518,0.9726929632503171,0
0.5906348173072202,-0.7137015431734587,-1.2386869917414767,-0.01671281897920318,0
0.6211271690187643,-0.730391478344224,-0.03676069961903927,1.5491072239228791,0
0.17012563787761292,-2.0005729655368825,-2.7367655406151625,-0.7563615197347007,0
0.6866332848859669,-0.17723328118553494,-0.8490984217280297,1.4084789752647842,0
-0.9123064442545699,-0.07098193950970466,-4.294227549777157,0.9207917393471796,0
2.6731031322485688,-0.9264448298696254,1.0346423452292677,-3.0103455116623894,0
0.3642836788214272,-0.01775406960837711,0.5557042327169603,-1.0297158350636932,0
1.0641674404620376,-1.1972850726295017,-1.2586038066422316,-2.1288886941353633,0
0.8814203858468921,0.2001575495215453,-0.36821222914571194,-1.0284950239418214,0
1.9355513011846353,-1.5178596052769118,-0.4681199245929174,-3.1674362646701857,0
0.47371595688047397,-0.14841995208062864,-0.7559903211910852,-0.7407464275521931,0
-0.1495298002720833,0.259402359639648,-2.471704805767957,-0.2359315638009183,0
1.5251600470323228,-2.395680277809472,-1.1232183011139376,0.04872325357305063,0
1.0219413650318725,-1.3117339229814577,-1.175375237504074,-1.8296938838440764,0
1.29410974847436,-0.6968068542773445,-0.14812602206148662,0.7943740876760639,0
1.7534094032799035,-2.12314226457272,2.485000891648614,2.4898779227620285,0
0.46556030380571856,0.254512429858325,-2.7463284807829265,1.33265632597088,0
1.7131992857628062,-1.754250554700313,-0.6168212012779624,2.0928687968924096,0
1.4313978551566506,-1.275161939598884,-1.4848414543636683,2.089192354785822,0
1.1793597178313366,-0.07949619639589622,-0.2378076578578191,-1.1824339645815218,0
1.2993516791446929,-1.1103409266116178,-1.7170911800429676,1.9019169450092386,0
0.9798825555661945,0.40714699860265124,0.09716202572646582,-0.2661474988350958,0
0.5930970935583952,-0.4746364834297784,-2.7552407167647606,0.7298693277865909,0
2.6669568796861944,-1.8211532000572033,0.5510066854258502,-1.9931507936420103,0
1.5852867496487097,-1.2284422816306546,0.40505570396479906,0.2150808646510638,0
-0.9741359804666856,-0.2300720699961496,-2.9558668945787594,-0.09530774955160304,0
0.7514727377054617,-1.5010106388819875,-2.416310069831954,-3.1373071175155993,0
-0.0037716143586383755,0.047732050822753,-1.3376056862687633,-1.0248434138208227,0
2.8696352786092163,-2.2641900185959907,-0.0406921964809841,-3.4861577116324582,0
1.7524540165811362,-2.1767942186700644,-0.4656051667738398,0.8897434017601011,0
0.7484444963763409,-0.0783876713657029,-0.4145348876264048,0.9056118885285664,0
0.1644899794567376,-0.11212347218792418,-0.6650321171217951,0.7670420734737975,0
1.1693392538780272,-0.2618088951344705,-0.6105426100046085,-1.9853548382087953,0
1.0913909392381227,0.04175356259512708,1.6506911100192805,-0.29956471114576644,0
0.9390879125845686,-2.1057221715669048,-4.480959660145402,2.123586314182563,0
1.5905358218802887,-2.223504617579623,-1.792921182763319,2.071038877560758,0
1.4388777747507682,-1.311724341698838,-1.6372058405967902,1.7287454996937868,0
0.2932651042555193,-0.8454058242675685,-1.607001184282188,0.7218469971961503,0
1.507592113957466,-0.9056580838585178,-1.0434316172212195,1.1943867484318071,0
1.8077704643654067,-2.105356760003784,-1.3891473998419124,2.162508802213069,0
2.9347530375704087,-1.965216845634209,0.36036828704349433,-4.327538371883362,0
2.3625203999794326,-2.5727016839311503,-0.7557539735253295,-4.985911076517577,0
1.7288312861998087,-1.9837738597343968,-1.0660959792153688,1.978646577996951,0
2.2003600658357767,-1.7650785707593557,-0.00793720041158752,-2.0405012771576736,0
1.4776745080424183,-0.5447742824876051,-0.06843830344862345,-0.4952680967896216,0
-0.4555007657842385,0.8911714752092981,-1.1548450955036074,0.46352527724169534,0
0.5009328898635808,-0.12927681507976996,-0.6906149635327155,1.933928582195671,0
-0.015941760827393736,-1.4568369676006254,-2.1483356676552123,0.9795055424218815,0
2.9012133175860013,-2.6497800345771916,-0.08839792700025195,-3.8319960875063424,0
-0.9194078023040955,2.5953480956890957,-0.8992084645341694,0.7331856742534391,0
1.3116877617156137,-1.9025509009903776,-1.1611909818521433,1.325766901787385,0
2.966285460191104,-2.20036708484314,0.41384153200660645,-2.0188119491728966,1
-0.4472834529243326,0.044348096196632714,-3.4891044587688484,2.2065829673812525,0
1.0226482947783189,-1.2235471826728685,-2.462395338031863,1.9059410905717113,0
-0.7039093852482146,0.824271015360243,-1.6113688249326683,0.580335875364768,0
1.3170380831623827,-0.05342597311583763,0.6526703371760088,-1.3131706280099276,0
0.8336300188066812,-0.5019538122735173,-0.7016914442247215,0.24153015119850418,0
0.845993887094645,0.2591899289528026,-0.08330254093169942,0.8464040954698817,0
0.19053185805251438,0.26172387408042663,-1.0445632841354593,-0.4910049576123514,0
-0.07645963728546779,-0.8377244676278417,0.6107790562660766,-0.7332989532747116,0
0.6083600822514136,-0.9164216558792702,-1.30773512591839,0.8637664088147046,0
0.7164569088708275,-0.2716024770039219,-2.2486601383501963,0.24608699819990465,0
0.7971059591375689,-0.2667346089396644,-0.6384868593011369,1.2792218991902724,0
2.1274881360359696,-1.911468109589814,0.5476835123339303,1.8200476999438422,0
-0.20218999227424161,-0.13732325783868715,-1.9353493666776393,-0.1076839864550081,0
0.7615545294212565,-0.6292163049780344,-0.43579817949287813,0.709211817174348,0
1.114865240469296,-0.30455799355767743,-0.3699162542063108,-1.3725424014379255,0
0.2440772884954432,-0.939664750989065,-0.27775527666030253,0.9764327281249855,0
1.6305499487137163,-1.6417163958804428,0.9541580070725924,0.2718885400751817,0
0.9507252745193187,-1.2678733194129954,-0.17318221878245077,0.6922306963688635,0
-0.865944237528671,-0.13895216079914952,-2.716962821971248,-0.03163572651679214,0
-0.19517819233014255,-1.2583027712266937,-2.55609800591339,0.624391260816207,0
0.22837383217593243,-0.13359911387713275,-1.1782855911598966,0.4142680975933035,0
1.242130849061198,-1.5145458302805155,-1.2259324183922065,-3.000604399321909,0
1.3250224437246063,-2.324387387781715,-1.509829881066548,-1.7806196705531185,0
0.7161575944118144,-0.19200102000924624,-0.6909854855987334,-0.16755246261543377,0
1.86648457178307,-2.440890430565082,-0.9923528060278509,-1.6613863457261862,0
0.9535171537083906,-0.34918982266498955,-1.3208361759834992,-0.11780394141122574,0
-1.4048696044632814,-0.007146818147738654,-3.006003513843752,0.6791566221546796,0
1.394742001878398,-0.852938502311159,-1.7155569902559864,0.9294560420387628,0
0.5083953000298304,-2.134478174837267,-1.7247272786050067,1.1799977882967108,0
2.4149906580209137,-3.0205444010796048,-0.649555999456843,-1.270834839652262,0
0.9229946238010229,-1.339251094495264,-2.4752520642580063,1.914757848703335,0
0.09207729845619028,-0.3682381261329446,-2.238512358850359,2.43875856873593,0
0.5189370394565096,-0.8347672132118391,-1.2481458814334934,1.1904453622664413,0
2.9608474010705272,-4.153376191996602,-2.696223693725854,5.155076029786378,0
1.5142391217705704,-2.0186545227479122,-0.5574789519931179,0.49734661579341377,0
1.8138361977183903,-0.9604323520595617,-0.8956693779377417,1.2837874622363545,0
2.2637179756184955,-1.431986381333565,0.4792027788594764,-0.3252407132512146,0
1.5659020849070329,0.32232473093621694,0.6396147626529844,-1.1358204537105776,0
0.17479030890943403,-0.8419544265816068,-1.8210265300837247,-0.1650584147479217,0
1.182132434380142,-0.385438590945939,1.2277167991968017,-0.9641776393053549,0
2.5643849394143636,-1.1243235652917294,1.084724989806202,-1.0066836756516493,0
0.6000753182244409,-0.49111693623580566,-0.6799092545214266,0.5772275819077495,0
0.8768710563063538,-2.552910552940401,-2.387954152607765,-2.3708004248712684,0
0.20054923699577765,-0.7496965976956385,-1.27450504306601,1.4760436700073498,0
0.3133479866931006,0.2464578033672371,-1.246160636482361,0.7273400925072571,0
1.4353803256454771,-1.8562272615844555,-1.1373391645325401,-1.260618771791258,0
-0.4712756781825125,0.23297316807264856,-0.9577626586061104,-0.9709930653053258,0
2.164380157576634,-2.3400704926898155,0.7095822375343881,1.6904609190495345,0
1.382635275544837,-1.1028342618181872,-0.38824353632181974,-1.3364037228082941,0
0.6838699562644691,0.2917688046876086,-0.38450578822955217,-0.617723781687936,0
2.1610334732808343,-2.2532561597431453,1.2761354702484162,1.812815960444277,0
1.282621165994728,-1.4077850432128791,-0.45416137692039016,1.8945354343711633,0
3.351949363315204,-3.250327239462508,-0.9759994748455706,3.6101341018686774,0
1.3224145840332635,-0.8759590482665953,-1.6173512928040923,1.2314006124941113,0
0.5434779547032749,0.06303532067786088,-0.9561947097237323,-1.4829770992740918,0
0.5121281829454659,-1.364478840535374,-1.5153637436457714,0.524946524229798,0
0.658640733314154,0.07836472096373037,-0.6778183342589139,0.8118085728590207,0
0.9764823160184561,-0.3931316866815545,0.6879487103665491,-1.3172754639683353,0
1.0142964558040857,-1.4172646483640075,-0.7930352957242607,0.728096020930601,0
-0.4076519794511275,-0.20599852531637897,-2.0039349055541775,-0.33029265881030534,0
1.3540453839361353,-2.511392682712503,-1.9185198414817992,-3.0994925010758885,0
1.3700127424763078,-1.322449824825109,-1.099249872745672,2.645584560994557,0
0.7711697408180647,0.3333923294791037,0.6010351169814432,-1.1469237970542059,0
2.1197453464317793,-2.6226792841961104,-1.460286087661384,2.7857326368046973,0
-0.7107705586835327,0.4973942922019825,-1.9544817412319566,-2.086665590502829,0
0.8585448335388642,-1.167930592175138,-0.6681759769085001,2.370275368301935,0
1.7717210430748798,-1.6584522375526405,-0.4238823579123616,-1.1500695382866486,0
0.0995011968791798,-0.5427025818129028,-1.5292923543015937,-0.20384549756483883,0
1.1981355158055778,-0.4259512887170307,-0.5631982445101303,-1.5391523448210949,0
2.126549081405155,-1.7708705903969348,-1.1555706392811687,2.196385183173861,0
0.006562957806145353,-0.4418254902931906,-0.7875522048088794,0.563221747183263,0
1.9290818926133053,-1.5607695219546796,-0.5948165087849967,-5.869168441317815,0
1.433376230318226,-0.5320783803417419,-0.28180554999713503,-0.13135433033730903,0
0.557009536102405,0.624273895204019,-0.1639378822602302,0.42184041505150316,0
0.9250322100031969,-1.3792458691888376,-2.4361401819905826,1.5820715953254896,0
0.0318894046104814,0.4386397651165428,-1.1773054138445527,0.25685171572841003,0
0.19772218310639944,-1.1028606337742377,-2.1325562002326564,-0.8854712812332302,0
0.7109006065595115,0.5022177131851926,0.050615828653663764,1.3732550667669385,0
0.24807579543700908,0.2138427068660862,-0.8420395618196361,0.1601481730117733,0
1.5709695143920999,-1.1099589684762814,-0.9950258588710708,1.7716993237587968,0
0.25618115856055823,-0.48792679196789357,-0.6412667818034418,-0.2590595877438564,0
0.7071502492842188,-0.8551963915780113,-1.7880294164892425,1.185421475564166,0
-0.22758902333777775,0.051547301203881846,-1.2439927957409884,-1.321543578925743,0
0.1648012788976153,-0.88502379305081,-2.041968992755979,-1.78107946436057,0
-1.286077504089259,0.7344765451448676,-2.541520398060721,0.08204711549892929,0
0.43289038494685783,-1.3594399261660017,-1.9071337183934762,-2.1907556091449543,0
1.418520843428701,-0.5089823937209585,-0.6708177889745218,2.218121962483969,0
-0.6304641400445532,0.10565353781062425,-2.1031635782837856,0.8631834008204284,0
-0.9262084083758988,-0.852410656391507,-3.1896790051427857,0.6881178587578682,0
1.4139369188034263,-1.552357043304259,-1.0553522894488063,-2.1120866390540067,0
1.9148191050008552,-1.5400121218211849,-0.8802512689794786,2.8611107556347495,0
1.9877260494240776,-1.915580416721573,-1.1895356254839444,1.51484883023658,0
2.6104635457145196,-2.693722856106519,-0.7579496911078607,2.1854183401176845,0
1.1522893344067702,-0.6163369042106736,-0.6062601773267464,0.20747572540211534,0
0.7014666180446603,-0.5690741750318077,-1.8387873628822597,0.18042696256823787,0
2.1313079251261238,-1.8060407000606151,-0.2838279257062345,-0.6084303913664179,0
1.4723588033649186,-1.304999192352521,-2.2943525301328935,0.9966335769401523,0
1.9500434924964525,-2.3903399394614375,-2.9700527792304294,1.9512265020129302,0
1.7911211106971603,-1.3038800680430154,-1.116674221633351,1.6222962793938414,0
-0.6688183362944198,-0.4047207304074635,-2.623519239902414,-0.6665013425815443,0
1.3766748757264904,-0.255023914383369,-0.031416302800733265,-0.5811998124772091,0
0.40504329380370163,0.23877528018848082,-0.7899679444021447,-1.2384309309099581,0
1.3646582848628819,-1.8127974236886297,-1.1813106072006816,-2.0337622646697517,0
3.1259979226820116,-3.1913144342769613,-0.23772225737316088,2.379595788147582,0
0.7050129570855348,0.1521103400755046,-0.5332260788517249,0.2263610255070403,0
1.400175534035529,-1.7419691700749853,-2.542108862980383,2.1051859273193134,0
0.3565242820468202,-0.7459890515001353,-0.5569009304339823,-2.052826798346511,0
0.9131888371415225,-2.2430952604203673,-0.9837669486131,2.401864901008671,0
0.17565503989543596,-0.803422792770923,-2.2408368902587115,2.3863409942181244,0
-0.0637023967362722,0.2278411308082795,-1.5290655682297483,-0.6682724870166277,0
0.6201037519111248,-0.7847041009263432,-0.9653081254236152,0.9485228514527364,0
1.816400485119963,-1.5961060421546254,-0.5070173756582688,0.8987970607950009,0
-0.5001743899193409,-0.22605638438936215,-1.7113026269908524,1.3385920629072854,0
0.36144800936649957,-0.7521885564401206,-1.2614829210454135,0.7910581524681932,0
0.6006298056759412,-1.4814876904139074,-1.7775660098925439,-0.7528063668011007,0
1.296693992215499,-0.7998722952299756,-1.0446119105372305,-2.847547498589398,0
1.8486368269501532,-2.4661227168881767,-0.8230533220763775,1.2256368468768095,0
1.7779094348060522,-1.02899239278588,0.5173369995907626,0.5280924186908018,0
2.748130120365258,-2.49814990872673,0.07835123418707424,-1.7949079521731162,0
-0.07938703014208248,-1.3089858894143758,2.278702837325146,2.5304536120882997,1
1.681038388584692,-1.8415550958108855,-0.01369606031507642,1.9481363693890619,0
1.1059353926249686,-1.2624236822213506,-1.0222274893141066,-0.5514202705502389,1
0.17595484365683856,-1.0900613548150504,-1.8854863228419794,0.5632141265892079,0
1.8950831510188455,-2.087809808923393,-0.41421492886117317,1.6039157340345185,0
1.2840171118425923,-1.1364880035837683,-0.6078532836561954,2.0528049176176064,0
0.9445878335644418,-0.4097485999463525,-0.9629947007574906,0.9292880238126713,0
1.5373413606332251,-1.2310297108732622,-0.2577948707491724,0.9412229199720257,0
1.075342351759192,-0.5481015858444018,0.583351482343067,-0.22854565729343057,0
1.3822540394495055,-0.9073026391794534,-1.5603201325837173,2.0736498384250956,0
1.338554303247441,-1.2060392862606093,-0.673108910545405,1.2884406760442146,0
1.8526057114260217,-2.2610160229163965,1.0634804644833578,-0.45148383082541343,0
1.515434372144334,-2.5209201159349908,-1.6537247740655383,-1.4774638418626933,0
2.4848432939762697,-2.438123120441918,-0.6365300561451059,-4.752712781427282,0
1.7180404016834967,-1.5637969772135507,-0.7030674638014351,-3.3397216544468677,0
1.1186215030321771,-0.45062143537816124,-0.410014655663555,-0.6258048087383609,0
-0.6433360118008347,-0.044740726588724855,-2.2690822153537544,0.7202157564137928,0
1.2074409972992042,-1.5953805032758677,-1.2683801981438105,-1.8394117817925906,0
-0.525040141376204,0.7786151292208352,-1.6619569297371075,-1.4028738187929015,0
-0.16250148603478487,-0.7706426252258703,-1.9924965766607774,0.2767326734378448,0
0.06697099626114122,-0.12734166543730596,-2.081812889756338,0.559636046332724,0
0.868240494122439,-0.4777760094494584,-0.9315919675532837,-0.16612247864922192,0
0.8722490153784446,-1.1752111479053429,-0.5651699056160329,0.8122168448452939,0
0.2524459288780423,0.14231768969617908,-1.4334536149897015,-1.6668648086304392,0
0.6515339596967566,-1.3871505478194897,-1.6613591617298642,-1.6088214341719353,0
1.0747241764812208,-0.04894919525602437,0.2273655801690455,1.9987613834562024,0
0.8976700687424587,-1.6207733049835642,-1.6056757446992815,-1.9518633309408675,0
3.5286047602100274,-2.066177206999353,0.780337025694888,-0.9656200708970464,1
-1.839921042918296,0.8140951324575934,-3.3761334549664865,-0.33738282617115056,0
0.6739066066898094,-0.6012195555039932,-1.3903335374078991,-1.9430364523663994,0
2.217338454932725,-1.8090021727239216,-0.026302483861608716,-0.6991242218501339,0
1.9924520082993296,-2.3328966381838847,-0.7591305763854673,1.8477322597111838,0
2.797926073581137,-1.750590671735063,0.2124807640692834,-3.7022759691883254,0
-1.0041099720700646,0.5593094993406549,-2.3567103281428143,-1.0042965675461761,0
0.9479091941161418,-0.9568138809822957,-0.1066460232906059,0.5303043635672592,0
1.193858394549682,-1.4602265725441856,-0.6423812936774893,0.7782594104851033,0
0.5819933103193482,0.20368442692479705,0.001835903034031805,-1.249096987010144,0
-0.313654444163201,-0.04577268759680331,-2.0994941748207028,2.039625563291604,0
0.943883403722741,-1.1683760454061467,-0.3205285606361339,-0.19270819925278238,0
-0.7609212959001663,0.16693481257349774,-1.7397251809001848,-0.6403535505059745,0
-0.025522146035917626,-0.13123967169956197,1.5861471962932683,-0.3263058247195523,0
0.3501372763811671,0.3765494986418483,-0.8579625603852123,-1.1834108782787616,0
2.411165834197718,-1.8229195540563992,-0.25645275597299,2.8526776509514473,0
-0.360301378041032,-0.029058800519801475,-1.2397832793028558,-1.6712473315173115,0
-0.07312960328877671,-0.8628774264443894,-2.091930204023771,1.1104590609683769,0
1.7697506089364565,-0.8476003328587886,-0.23313695540231172,-2.1029840633941923,0
1.1291544529352937,-1.3501349093087702,-1.0143434191291762,-1.7487338803592354,0
1.2867587693363987,-0.6739897061140738,-3.569536468849542,1.6439337988715033,0
1.280042183379726,-1.6415686722408809,-2.5172591370020525,3.123758531586423,0
1.1291562788316134,-0.8679162378731544,-0.7063647265563386,-2.6262744271976097,0
1.0639419642414856,-1.6991200465971465,-1.3764700707048374,-0.6952062299896176,0
2.6967051259470995,-1.8359861837193465,0.3939494704210269,-2.5833745748055916,0
0.7919144393644402,-1.0296803374692596,-2.9553309676285338,1.4445930973054584,0
1.8125002094715605,-1.1716769766360176,-0.338800102871749,-2.1094171713891585,0
0.7446075028081001,-0.7164256284272568,-1.1051595099353144,-1.3234987702616114,0
-1.1421506500699636,0.9476380518152707,-1.6473471921892562,1.5912886849572887,0
-0.006274510783288445,0.41398632055824836,-1.257315748906399,1.1981005820167998,0
2.9873120856026394,-2.010203977502024,0.4668464534135621,-3.3439297765196865,0
0.3147809178406059,-0.3945763417882997,-1.095503128296408,0.6516717844202532,0
1.9762954583181775,-1.9295025303944742,-0.9565696380395866,-3.642791271671955,0
0.7616092275653001,-1.284720941000649,-0.985130884918843,-0.2382997062409251,0
-0.9467456145469557,-0.2788613610300936,-2.8753607660934852,0.9193370374623462,0
1.9123133205181795,-1.515073647663702,-1.4531683592261921,2.1418262275555406,1
0.42764868560948643,-0.6357820834112511,-1.2686767034525073,1.0185817100033216,0
1.0014731448060339,-0.682398286382569,1.308984573673757,0.8612948082372345,0
0.5804339170757336,3.964498201795885,-1.0642986923063997,2.0994783989601515,1
0.6340984980110987,-1.6187432421594443,-2.6687614955478858,0.8023834007177558,0
0.8178602609459049,-0.2930148486592208,-0.6726385048447716,-0.9548050014870033,0
1.729238361377648,-2.6419798836457153,-1.3692016807977259,2.9009906729446637,0
-0.7235820310492491,0.4745978224571963,-2.9681547297516317,1.1406195195710984,0
0.72521717822046,-0.3756786074575622,-1.1811206131202667,-2.0454602194523264,0
0.43033983389672736,0.0947738940548013,0.9589260411665488,-0.7854852127986205,0
0.4012439177644457,-0.4724218765514234,-1.6128079013661738,-2.5929780688480273,0
2.376119985104038,-2.422513485388891,-0.11946802345270946,-0.9746826354547828,0
0.05496845567533015,-0.843523959145194,-2.310994107995705,-0.6387275227081147,0
0.7248089867301641,-1.1235699565825708,-0.4454835622861347,1.7705784964116087,0
0.10560445079422887,0.9537960037608095,0.1124957254021759,-1.9899102305099952,0
0.7854288986317669,-1.2597545661697311,-1.6130614312176577,-3.147341812808487,0
1.2670782738403847,-2.4408348378644273,-0.6457553703567009,1.83177157424994,0
-0.33173699616012975,0.1658119443573174,-1.7471791387606772,0.25057562892243657,0
1.2994256057026652,-1.7872668004337393,-1.0066792416551942,0.3161392623918067,0
1.5787958077761792,-1.9436624511476763,-1.9811109228182349,2.261210505420902,0
0.49215047390562805,-0.4710771597372103,-1.8237631408492039,0.5151021239633986,0
0.7272376214767755,-0.7638010359740831,-1.8193261728308334,1.794351039246676,0
0.3601578556036723,-0.3658096829582167,-1.327785115182309,0.1153620249199685,0
0.5798423845850786,0.07849413124772253,-0.5736035691561759,-0.35488618568622454,0
0.9910561463741976,-0.742243138917564,-0.7757969293396095,-0.18892017411693884,0
0.8612277677747728,-0.640684262927196,-0.9967942625646338,-0.35742300623927103,0
0.49369906918250184,-0.7174749191210841,-1.7009505807157763,-1.8650122656833794,0
0.8175481832933,0.9660042582031154,0.9674807047878703,-1.3685770663901426,1
1.5623002105297759,-1.1327154304948788,-0.6674921844526784,1.881381766736587,0
2.0846966410106265,-1.1058797122800594,0.2566765357504508,-0.6355175876139361,0
1.9923345244226534,-0.2726591841176931,0.8986996051150795,0.4057620202742005,0
0.9975947805273061,-2.0203273980016507,0.21613274896912227,1.0142715892967789,0
0.6313388724684403,-0.976012683204406,-2.25105613345851,1.326835689668775,0
1.4510891391205165,-1.3944457952792224,-1.228551758864204,-4.200772827509651,0
0.7240707460299682,-1.4535694473146716,-1.445323857848753,-0.17715132130906508,0
1.7474093122091936,-2.4984502279582683,-0.9872382261298182,1.6404258464476444,0
0.8610645813636203,-1.1157701131753541,-1.4215170550421912,-0.8156933946070284,0
-0.9275799374052514,-0.05740202391842486,-2.9817369128553013,-2.379979892726789,0
-0.4065561803037716,-0.496213515327118,-2.682648975697518,-1.689712660746988,0
1.0876422304539672,-0.9424175690308487,0.8477443895229959,1.4206506167536384,0
2.5021691870359746,-2.726917990690915,-0.2928074963910505,1.5393238157448283,0
1.484701195474705,-1.7081649098840577,-0.7380174564827695,0.3892422153114137,0
1.1992119535339265,-1.473253607835148,-2.129978877953354,2.362987891108504,0
-0.05640078702274254,0.4492435259691234,-1.613798153776656,-1.5870176357099717,0
0.5807631247083671,-0.9781599164579107,-2.4798129320995206,1.5608158919220672,0
0.5635940889606157,-0.3355049259281061,-2.3270068792692067,0.7931697379664386,0
-0.5856118324794499,0.007811706348196612,-2.2631887507229944,-0.5551760643703854,0
0.09150669070014394,-1.5103559813418754,-2.634845048354765,-1.5281639483223892,0
0.29366949690966926,0.2820810356440908,0.16455269493279112,-2.1703568286778956,0
1.671603352470663,-0.8075974300935442,-0.08172841934981134,0.48811297186690517,0
1.2680290481501217,-1.1371086392259442,0.20752643299420637,-0.1894974278475039,0
0.027291115109920994,0.6548912257272317,-0.8673736545871757,0.5695177592743617,0
2.2739000698896397,-2.2022107087425726,-0.370685956349863,-2.125397540544832,0
0.35098088507596303,-0.27839003836385534,-1.317053921847816,0.512917142197048,0
1.0732885044939962,-0.5392363997077783,-0.5905837739890079,-0.5906627067507918,0
2.1947525183611085,-1.397861481201235,0.16848208886727667,-2.4251776482131824,0
0.895521160505936,-0.9713996137441916,-1.7044629412546741,2.076657667729142,0
1.014263653151486,-0.33561870895627366,-0.20977954342634253,1.1961317036913948,0
0.38045530850404385,-1.076135233762281,-0.9109881964711045,0.7165709523652725,0
1.129941983367996,-0.5085615697413908,-0.24898069224647212,0.0791938962735228,0
0.1816060362226949,-0.09610118755411423,-0.7843184759587699,-0.48221055310949,0
0.42373754856760804,-1.814856811558141,-2.0792712717583486,-0.09516096574986654,0
0.03230461071114654,-0.2011610706760414,-3.1949465005958197,-0.3674595020546838,0
1.8279959041678175,-1.2641555395488946,1.8054572842238419,-0.8834047526568753,0
0.9443167010963591,-2.498904196667707,-2.9634119957003078,4.849696212945869,0
0.24108463044249162,-0.08351158357356647,-1.6708824233681911,-1.348501548832437,0
3.6042678718237324,-1.9805507062482735,1.7725211246483097,-1.0731318024826082,0
1.3029194501509198,-1.2213898625952035,-1.1499983023329623,-1.5748502958403785,0
0.5297696347473397,-0.10701886517011006,-0.3392794232916039,0.6530151831896018,0
0.9974226751357886,0.8314789848447799,0.6264656547868979,0.8623539449533448,0
-0.054217126601590726,-0.30722904389397343,-1.8439638065890063,-0.6113396847646708,0
1.0731487091424194,-0.7383422992619997,-1.3279426123238531,1.0957821364384304,0
1.455899521734156,-1.4994038197905795,2.9031561446477063,-1.321535637009354,0
-0.8150045130075598,0.5710453881234667,-1.9371747286610463,-0.26124466064611995,0
1.4166930841109295,-1.3478014980639015,-2.825775623168623,2.6397669598267592,0
-0.23906549493288365,0.002714355134023627,-1.6863333535298732,0.40125607641559013,0
0.8107107697252824,-0.7316949045891841,-0.5334044817054246,1.6823537435275417,0
1.7297232559825484,-2.9619255700546203,-1.3675437663500087,-1.2974556607786445,0
0.5331811493759422,-1.6864438156421975,-2.2770548529217516,-0.635047786376782,0
0.39556535292075456,-0.989099767432491,-2.1489422831392604,-3.066482308509677,0
1.0174186996212342,-0.8656022465980187,-1.3350482088132407,1.3471177038872462,0
2.1612623339000363,-1.4613046060052735,1.7765045056632145,-0.0962723725681156,0
1.5685324025064151,-0.701710648312438,-0.3659601968742705,-1.3303877516070797,0
0.7232086898973675,-1.1897985746838688,-0.5798442424712159,0.7739256113518982,0
1.153054790443393,-0.4772037877375753,-0.11311723770549675,1.1172199323080956,0
2.0777362168268616,-0.7376193768452068,0.00894484383711025,-4.329514183556483,0
1.3107766671630883,-1.713467485475446,-2.766473469741884,1.8112148662945073,0
0.17302238987822793,-1.1335779622186863,-1.6243189464031231,1.1221293158373657,0
0.4174147352572357,-0.6924428430677882,-1.8062547854922348,-0.4187191665616756,0
0.1791586531754389,0.06420935854363141,-2.2726726464634046,1.7194195461091497,0
0.6890886925313862,-0.5525405205315341,-0.6920728054650446,0.9100292458260255,0
1.2414725273550764,-0.30323754891310073,-0.348770661060414,-2.263059036839932,0
-0.11905315301908526,0.017550538765990664,-0.4889626284895654,-0.4897964928480312,1
-0.4785231219822206,-0.5015955032938177,-2.3861997805435613,1.6177274141745581,0
2.101991798607516,-2.1507516728610496,-2.049526805750217,3.1826862772397586,0
2.8775635528750967,-2.144441093715843,0.4314616844480921,-1.7790146177404185,0
0.7963621881793557,-0.8742529316292391,-1.0337028182823296,-0.13137048574858823,0
0.734435464782809,-1.1766817338199473,-1.2245940845682892,-0.24122008156366626,0
2.1121479454402547,-1.3107400734823633,0.9259757406847808,0.29703470300490264,0
0.5944043926719549,-0.9955027594170041,-1.5124823087947417,-1.8855511993120038,0
0.21366272042849588,0.20090888493935544,-1.367979675920217,-0.622397272819913,0
0.019263831074621485,0.638032659835587,-0.1659429027628867,-2.1471069526335635,0
1.874582386210795,-0.9123957759685754,0.4366673811515882,-0.841753396260864,0
1.9190109387483292,-1.6633983763762412,-1.3565962683352653,1.2851515678105077,0
1.571986953246037,-0.9105726736978145,-0.23781360873243973,-0.9895638097250921,0
1.3509898637636342,-0.47102662674140583,-0.26383270539899684,0.47664173894861395,0
2.5689959501724293,-1.403772494583455,-1.0315487797152236,2.134827915038756,0
0.8023120191025709,-1.1666109731192522,-1.31821270142627,-1.7027535456747778,0
0.7994121425393821,-0.5059130963630816,-1.1791634192179588,0.8476450781850278,0
0.5985701155480558,-0.42740127912154635,-0.411887225713957,1.8452333469205808,0
-0.7168728071426951,-0.6314293434112339,-3.10653550578706,-1.2396404618314134,0
0.4994290540184829,-0.1826614285750806,-0.834760640998637,0.5522345137435176,0
0.694550627576783,-1.7749295446126774,-1.8638527949892427,-0.23427945526848093,0
-1.8635252855097275,0.1495241057801564,-3.55819451026528,1.2788060464335929,0
-0.6436511574971429,0.21852606404028352,-2.504145716323057,-1.5137318200562433,0
0.865022044196634,-0.8132488256965819,-0.6803247431730892,0.829659606966132,0
0.8194622758769805,-1.9847125563309254,-2.043203812958073,-2.6010952974874146,0
1.5988873083994726,-1.6360509025518062,-0.6011991082397441,-1.4702002022659355,0
0.5763219822896714,-1.0343136655279614,-2.6652666888817844,1.6441095038856726,0
0.9007887736241257,-0.1333874643874452,1.424180689544564,-0.4990435333312191,0
3.868625138704408,-3.583390371991244,0.5215180740869454,-3.9618587776120395,0
2.162876871552468,-2.475686579247852,-2.0519691277097754,3.024110624317459,0
1.7856045965370768,-0.8030079113025815,-0.05372834554313388,0.4621543272427422,0
1.2309887399856612,-0.004130662969505261,-0.4508854358255746,-2.3476711590728927,0
1.1118456981935605,-1.9408603364411063,-0.37666487326063114,0.9794760602103089,0
1.3385504058739357,-0.5683047494432962,-0.30678460117217266,-0.08071571329958172,0
2.1006357206638366,-2.1307776757151666,0.29101698923974717,1.7428493872929385,0
1.2431967457221629,-1.1885899626179781,-1.3773036900381335,1.0721796528315681,0
1.8675049868454645,-2.256516718944032,-2.0318915964914135,4.340543983290946,0
1.465952794751384,-1.643013972223881,-1.0779567847394698,1.6338584529212696,0
0.5065305750368514,-0.3434300116527359,-1.9499917747769357,0.2155823948922344,0
0.8579912436257568,-0.9597917335224014,-2.1637044596512833,1.5100866756634037,0
0.7236923758306775,-1.0359806373516476,-0.5494589824012046,0.20023665025534976,0
-0.27730187622295044,-0.8540063229193862,-2.39402643735504,0.18677762176122048,0
1.4836683810357327,-2.3657118056619404,-1.5218623422202553,-2.261273037939379,0
1.336077027588178,-1.1488290381962598,0.3799404651754492,2.2229333323558196,0
0.32211665468454,1.5888365599717256,0.6341435139870444,3.5353779820076,0
-1.5301014960601695,0.868590654834406,-2.5707387182653547,-0.49538150860816677,0
1.4634663604502163,-2.048823013117759,-1.1190347892124304,-2.6723582018016447,0
2.7931773435106972,-1.8963860445403617,0.13652279383275778,1.2049532601041304,0
1.0754321279368109,-1.0488201655985572,-1.8603489785303777,1.4133760999013585,0
2.6624550519967385,-2.5095260414736007,0.7248429277524835,1.8103323960902173,0
0.416658955381898,-0.25781258392283724,-1.011629356507984,-0.3626308571828769,0
1.0357039424798542,-0.7483917379304728,0.050910096027581675,0.7214954873442623,0
-1.0332162498611623,1.216377150390048,-1.9214744105545574,-1.449754425964508,0
0.7513445616945147,-1.0364219703218476,0.02438679580569958,1.4011520177225685,0
2.087891238900585,-1.069261038692385,-0.8192985321850663,1.0147612819411398,0
0.7604176187936754,-0.5290498148202791,-1.0063603108421832,0.1126907918693767,0
1.129315700301713,-1.257955188528429,-1.9811372445499926,1.1136452300439292,0
0.6834898597826891,-1.0415019263088379,-1.4945495598394387,-0.6390879923893708,0
3.5489056878824004,-2.84937048695003,0.488271906481913,-4.331333371347128,0
0.8898742372887408,-0.13999125389430334,-0.4389252662751514,0.4524122924845684,0
1.549360071467812,-1.0813751286816446,0.8025915407452571,0.5661532636537769,0
2.6558423339386943,-2.630656130505901,-0.3567583620005387,-2.7119554883100516,0
1.0542165978984797,-0.35974049760053795,-3.2607361720005477,0.7526850756764836,0
0.7216619181304094,-0.7626016882639145,0.5424771270149751,1.1309802144383465,0
0.7417071921845038,-0.9031002887498378,-1.8871885128680939,0.7854608459278121,0
0.9405893417752986,-1.6723519206162853,-1.3828401161338548,-0.21566240722908514,0
1.526347896853686,-1.6051383903534724,-0.5769392373037834,-0.5108514890875702,0
0.9704423510171594,-1.4890298559441288,-1.817108664588879,-2.6801758183509214,0
2.7229983756613207,-1.452163407306805,0.6806718189785899,-3.2404253368808633,0
1.762336857193037,-1.8270641333512296,-0.11032237458406902,1.5267670781764897,0
1.1923299922916524,-1.5873160156794395,-1.126233375885009,1.4004231268212284,0
1.0238961530892168,-1.1377206922041003,-1.0400778065868925,-0.9468414693632129,0
0.8263475442477529,-0.4631134956029125,-1.0073395938919663,-2.4483336386505608,0
2.137482546977954,-0.7949146243523167,0.7172914268178101,-0.7950338669409884,0
1.3917808150148545,-0.5491329545047674,-1.0042482326814015,1.6814003639672723,0
0.9184358714565118,-1.5520639431903949,-2.9805574881249086,2.88870179777473,0
2.0217584964785784,-0.4425876052593374,1.5686054773083409,-2.235437561919359,1
2.2276274052906273,-1.962778678849939,-0.12180398789532554,-0.9819189100588283,0
0.6890415498373409,-0.5819183888672212,-0.40523727079398064,-0.44336532192442135,0
1.552304656574036,-0.44811083288922915,-0.024804618879685658,-1.0738811855954564,0
0.5750564412920378,-0.1719353814476411,-0.7469867338177281,0.07119216583916765,0
0.7461867615483524,-1.2663880873658078,-1.7728245381709518,-2.5272880492867094,0
1.3699298526364803,-0.3494622650690111,-0.05116293749291578,-0.9165728790198829,0
1.080988331729178,-1.4898386128079353,-2.7000304476519204,1.8096755540932374,0
0.5713111045305288,0.06241808154064721,-1.612424600310911,-0.2570184201140202,0
0.6097517670636552,-0.910154204069026,-1.4095099907396373,-1.03496349399646,0
1.8539166571982446,-2.822774458803285,-2.9149353224339265,4.266657721894051,0
1.744140110796748,-2.0187612501365426,-0.9824924242590216,-2.6533328009881587,0
1.0185236750146063,-0.7249889837675056,-2.1714465817197244,0.9620484738448749,0
2.8047179383592633,-2.928253878479609,2.408975364725091,0.5157632893507542,0
1.7691625422605672,-1.5521633626781153,2.091295519218984,0.6213947225032479,0
0.34841659311112827,-0.3359243543674201,-1.7426745693897057,-0.07156589160398497,0
0.43191224629129166,-0.9810219146319056,-1.5382683209171601,-0.23587428314787062,0
0.6506297391573319,-1.026721265332103,-0.836178642549585,2.6842492783172363,0
1.0457816454036044,-0.9638457325401112,-0.6346607303862566,-0.5791398817159353,0
1.2032052572814105,-2.3097941692988195,0.04532853009049487,1.1111409522106908,0
1.3788088392911333,-1.291701945271753,-3.057184441723458,1.776514386732492,0
0.5105910820790283,0.4932785506171382,1.4869798973281338,-1.2671459997177759,0
0.5100003902878745,-1.0536105378308838,-2.054043097353368,-3.7119834336613304,0
3.0386132365720817,-2.7784009134095062,0.033224877824810095,3.0858300153465943,0
1.392225527503252,-1.7859114773611633,-1.4486980209486184,-2.858521295050397,0
1.7647130130910713,-2.1340724167885154,-2.6514956728105474,3.411692650096465,0
1.4704833984583228,-2.301257391099112,-3.3608605996954792,3.0162819023743843,1
0.032399629782818296,0.6440172761714777,-1.3935595775250091,-2.559286855781212,0
2.3089007247193685,-1.861425095044167,-3.121696499013656,3.2401829468273933,0
1.1679038604876202,-0.682916750141479,-0.18101175719308016,-0.21298052378545274,0
0.69051461535516,0.024347275630034915,-1.0339631311649464,1.815385549984596,0
0.7165159992817783,-2.1963751168813745,-2.045265470955304,-0.3667584229753865,0
2.0491459055837606,-2.0338348488870928,-0.2148040394079631,2.6233804387219557,0
1.958091018492707,-1.65466541370114,-0.7379812113037327,-4.8480658617125565,0
-0.1039960661712771,0.5517308554141842,-1.312139734883777,-1.4985944114864647,0
-0.4111854901590113,0.7654823398410919,-1.5430528211327612,-1.6510155683248073,0
-1.1122341745854873,1.4480361562999495,-1.1719955265402962,-0.03206344224768265,0
0.2407400709587315,-0.537195206458942,-1.4097692504647827,-0.07435299725042488,0
0.5811649229923903,-0.7540090749693031,-1.473736760249987,0.8888761017161636,0
1.8128721453875303,-1.8066628287942996,-0.6675285416058873,-1.697110481039623,0
2.928887691824745,-1.1023224405779073,1.4318509779087436,-0.1757221459524796,0
1.006157803894789,-0.8579207332202551,-1.8962421608772333,0.9811084566173438,0
3.2856425371870124,-3.242597747482466,-0.13242862407403677,-2.6942567975515117,0
2.1815488424709675,-2.283218336099847,-0.5886417778949924,1.6094051726162169,0
0.486871578911386,-0.7524899453547403,-0.7668501475927694,0.9651782445861357,0
2.4590672927047246,-2.787787114220958,0.0475566676325303,2.2674346351281964,0
1.4944528457933397,-0.7138123747040306,0.09588203640584059,1.7750724832804763,0
0.6305345892625298,-1.7670486018320801,-2.422418868150178,-3.6719914835677057,0
0.014130052403786175,-0.05174456454456888,-0.3440296642338343,-1.025229409617498,0
0.6446775616325906,-1.1367377722306484,-1.6097548533843087,-1.4537801133920263,0
-0.3274769343323758,0.2371066795275787,-0.7915805534855448,-0.49755456113233465,0
-0.2758542519033822,0.6467303757213729,-1.0265577442314542,1.2416575854937515,0
1.9678484460304762,-1.6454463042530332,-1.121848109715333,3.2444371981576388,0
0.8897988408611316,-0.5910413648152884,-0.9436795603584613,-2.531767630950898,0
0.5827131597285236,0.18381099800176326,-0.010190440834660142,-0.8898491281804877,0
0.6320677218651651,-0.9505780248076644,-0.9156882452645985,1.384243469229843,0
0.6674796674014031,-0.3474900430750534,-0.6447498437199906,0.9368026651633133,0
-1.6021659720231343,0.7762527878173684,-2.5396030762969994,2.0946709274348625,0
1.0171472338475005,-0.5486225464809178,-0.6172572456435901,0.4309944453372031,0
0.08842233771736496,-0.8768043761422737,-0.12208806222295931,-1.2574897106614964,0
-0.12132341015649661,0.49474530104882253,-1.0216496069071146,0.7109367691360353,0
0.42463895516401984,-1.1491606353244759,-1.8881453940219664,-1.520914080696293,0
0.9619022729941604,0.23871081974096442,-0.2766055200815466,0.3982211050721778,0
1.8838612610230137,-1.800316356281142,1.1868870778429539,-0.4558809113267175,0
0.9281928527808623,-1.4851472372631662,-1.136839089158525,0.4804467407513474,0
0.007172902896563471,-0.2854101312717271,-3.1106937768240663,0.9374248512505421,0
0.5313046429544694,-0.6570175773344897,0.40332066646443865,-0.5879321814574192,0
1.4579063254009361,-1.6718075961407486,-0.740688008201466,-0.28813994714216085,0
1.1208289949986874,-1.8434343744662636,0.8223254307041619,0.8620379597697769,0
0.10814774076280353,-0.6438998551304185,-2.1775555557511423,0.9765702330119677,0
1.5886624479859506,-2.081419587412789,-0.3341548166258894,0.5982796851261827,0
1.1791743785169784,-1.245034037291674,-1.896150986725266,1.3968969121996908,0
1.391575136172933,-1.4173324206528464,-1.337181489106201,-3.7541372786724216,0
1.5366312112081129,-1.6488190632034478,-0.74023773999022,-1.9130665259470963,0
1.9819526971775205,-3.2008121573398554,-1.6850483850131652,-2.8019989075092493,0
2.2401982362453166,-1.5509931228714375,-0.013847183713794786,-2.187766181812231,0
1.0108662549630636,-0.7232544000046692,-1.0066076145487846,-2.01050987675709,0
-0.5355629073220367,-0.479691709208415,-0.832717479211335,-1.5149523287647475,0
-0.16522600427236034,-0.634691592397127,-2.3718184204153188,-0.8493629069102159,0
0.19000046248572455,-0.2170882640556222,-1.8732377109867446,0.8994825073820141,0
-0.4248128858511304,-0.707680092278081,-2.714278776860323,-0.9978027409949033,0
0.23140571139645028,0.5075828467724071,-1.07038999467069,-0.50857727517106,0
2.0109901848318277,-2.658748661211227,-0.8687255247468101,-1.3267224273718083,0
1.1381783017818567,-1.9388426740764961,-3.2917040755385467,2.797626580011679,0
1.549826694988253,-0.5785128281374186,0.6504009748650985,0.4793303780580356,0
-0.14034425815088092,-1.081375832723095,-2.451899368365221,-1.0639705016151655,0
1.0967150550323754,-2.6008688315005797,-1.9059034291720267,-0.9530432412614346,0
2.422540883663446,-2.530086600754593,-0.10162190519733993,1.757294160461658,0
0.0698252728707387,-1.3574445822473726,-1.0034750824206915,1.0655088967493136,0
2.308076775208394,-2.828055608460276,0.35296769958500773,1.0814784100765453,0
3.5762370441959113,-1.9426401140830798,1.1117493610435845,-3.402054948393251,0
-0.2038216336726011,0.7143606840459562,-1.1514383319080723,0.8493306467061881,0
2.639035611173731,-2.343784824745998,0.1345651496382898,-1.874305237486571,0
-0.26605963122673226,0.5375022889933103,-1.5462832418039434,-0.6514976235717631,0
0.07263426826893682,0.48188933908071596,-0.5642051905643528,2.8443463164759044,0
1.5977837294664976,-2.250818759025745,-3.0958927185655525,3.694104053637171,0
1.0336003485391396,-0.8785004053450274,-0.43301222565924213,-0.04281283848290407,0
-0.12621066482671983,0.16760391932153973,-1.2982106053726996,0.8682084913189505,0
0.3641657752359071,0.00564974736134638,-3.320386913636152,0.4250033594336552,0
1.3541930514689835,-1.6523775546763408,-0.246525548511079,1.1369840266514641,0
-0.001307504642067192,0.15248611071949814,-1.0702077602170816,0.08250046793426269,0
0.910047209363544,-0.9374541428193418,-0.7001718672601099,2.568741392060862,0
1.0857562564680214,-0.833396644703414,-0.4866033347522948,-0.6896919561788404,0
0.05267574642111372,-1.0617903915597267,-2.0560592186046787,-0.7916612527229354,0
0.8635735734236765,0.17595429916588134,-0.4920653621975888,-1.516935287813519,0
0.4388301672981352,-0.7729103309206733,-0.3051397999376978,-0.24031098236960124,0
1.8068137331393137,-2.677483228885511,-1.4984615832002142,-1.9106687511180211,0
-0.28393697130678563,1.1180677742312999,-0.6926056731036205,1.8903986808191622,0
1.6863183309387708,-1.0452044463485313,-0.2646470567118544,-2.069199320694304,0
-0.6669027531837479,0.6490726033766352,-1.9512414298461345,1.5529410165684205,0
3.976312066853894,-3.5501671711836713,0.5089103297999331,-5.0371434399727315,0
0.3989388317543584,1.4546334837150794,-0.06384442767052723,-0.1834634241682337,0
0.09862906610421285,-1.1001007858863072,-1.8318842622352576,0.2572439910189741,0
3.975728997430301,-3.201422486230186,0.8148369995410718,-4.17026631242277,0
0.945920830413893,-1.0238528008126346,-2.2629556355138405,1.7849237797149606,0
0.47162890604667296,0.17126686556923443,-0.6949843704766487,0.552811371189379,0
-0.23838635917601758,0.4878751135678512,-2.1302656883203444,-0.29368548882415824,0
-0.23580804171242598,-0.241317248425706,-2.4775709525769423,0.6666546081631459,0
-0.145078862206109,-0.024638116884086236,-1.4098420734501103,0.7638635470643935,0
1.0987453680718775,-0.7431454176038554,-0.15476777492413374,-0.23615925152924966,0
1.9517244136868261,-1.316104513673115,-1.5028811976197995,1.8454800576860095,0
0.5615988104276555,-0.585229707262906,-0.35153323049568763,-0.8648091225030292,0
1.2259032707241464,-1.3443937814210856,-0.8166885659753925,0.05375814720862726,0
2.5741061812161634,-2.557144292219122,-0.19921624680318928,-2.9618008402551297,0
-0.8218999408091834,-0.06969785594110867,-2.3551006388764657,0.8206673181853299,0
0.8791519389357019,-0.5489432055316134,-2.8039086960665083,1.9619737843894034,0
1.026243460712426,-1.121659897952823,-1.3209243946992448,-1.5624011805056588,0
0.8880337846984938,-0.9816419410014006,0.8022707066310664,-0.7233128976581278,0
2.4024725775184304,-2.2163777575139756,-0.2515949652569177,3.765207395992954,0
0.3502526024371211,-0.7719188232566226,-1.6814095511217797,-1.1376104476856523,0
-0.6063514384444613,1.1737777990944327,-1.4093237824371208,0.6775159230057752,0
0.9279405063942064,-2.692508970754413,0.1690939435111125,1.3663452954128759,0
0.8727520893362571,-0.8117099437912145,-1.8775082058983554,-0.17782775579870425,0
1.1670623219131935,-0.7860679987716843,0.057503922475017566,0.11421848449097116,0
1.7961323133669327,-1.0237866125198019,-0.02068399909090557,-1.2773839323607954,0
1.0931298958101034,-0.7396545979045228,-0.6743631468191873,-1.151697071675193,0
1.1525905468028224,-1.4016683136909034,-0.09171580166463955,0.8385795103542608,0
0.7576730811135624,-2.017104323862155,-5.028286487610131,2.1012219535172174,0
1.813009324109442,-2.1149278325623593,-1.6818676749657058,1.9763901095939496,0
1.6565333575448975,-1.6023804799753818,0.9708241011379275,-0.016367165135034556,0
1.574047251150578,-1.0711698095303053,-1.2138243864189655,0.32564474804840415,0
1.1013895482788931,-1.0209690804919884,-1.5798245680079697,1.1062729644909879,0
0.9106750414686526,-0.6174622704371353,0.029826701520491605,0.6177676745719063,0
0.49444745029830606,0.1004867940620684,-0.9103726814440013,-0.9409277950531071,0
-0.10375262657710826,-0.5323093455598134,-2.188973207747358,-1.5712028285787007,0
0.7480853181493612,-0.8754699499755577,-0.6803495500412491,1.5026854207353584,0
1.1853741598818188,-0.7603280892267004,-0.6308626480602124,2.100331210814195,0
0.08489051450872909,0.33423743837857023,-0.31066889190456537,-0.5343370968107708,0
1.2127590313844665,-2.05617724282314,-1.5576527930318966,-1.8557763579123474,0
2.119193263813667,-1.2958903069407737,0.013592363817879649,-3.3662132913183522,0
1.257109191493551,-1.1371619035966447,-0.8149547394015446,0.48375949107894267,0
0.8625341030509117,-2.0072974901721037,-3.0401441807340563,2.332264661333014,0
0.1717247121919543,0.00510608722484962,-0.8409205661565727,1.7668536130081223,0
-0.0602381952733837,-0.17158316562835751,-2.7878358795453897,0.5126907815406907,0
0.4230970301403393,-0.26350235464344396,-1.3332079168264492,-0.4194006575083564,0
1.8868366956090457,-1.3854042262826753,0.2677469820915359,1.1572878215473401,0
1.052102673453599,-0.8545955085086969,-0.6010690231854839,1.0207183488919696,0
0.9521005503576135,0.5218930289482293,0.06765488200713876,-0.37178205463066005,0
0.8487747805298074,-0.04815796712668052,-0.9380895638388533,-3.0814459027322783,0
0.4353326110889023,-0.5254705961351852,-1.0030324429579218,0.8989737022528563,0
-0.1374077722775131,0.4443395509588086,0.11359010774369227,-1.2646427836453058,0
1.8731418838239602,-1.245277403092713,0.13826279308282796,0.41514770214648444,0
1.886246706612432,-2.2749148777455463,1.6691303622321723,3.005161073615558,0
0.9493423026869756,-1.3090030239806458,-0.6984929703072373,2.1647115453861865,0
1.8916102110437532,-0.6013682076642597,0.5041372113002582,-1.142027444653227,0
1.0578739481389559,-1.4696479548667132,-1.222459336287303,-0.6044166138270275,0
0.3847529953965967,-0.3300318383483076,-1.3503379469028318,-1.8485757598711055,0
0.985584912327972,-0.7406050039632368,0.11672605343830389,0.9081048001655396,0
0.9227905131151297,-1.0014771325632557,0.8586683724345707,1.381326763066578,0
2.0072565631791677,0.048748439474654015,1.0465439235500589,-0.9056608069884557,0
1.873058413788737,-1.982525855053117,-0.12217567520749917,1.309104702530998,0
2.7635113345181033,-2.0486606478851668,-0.49243565019427293,1.4166829386811948,0
2.263823646648328,-3.1040423787231712,-1.26036171299126,-2.4585017177984243,0
-0.6950426332899942,-0.09804890209037742,-2.863593260216031,-2.101808386172438,0
1.147499124553465,-2.4273917054043643,-2.7035157764390156,1.6884289438182276,0
1.0574966110215727,-1.589250235807448,-4.621116758565311,3.8292070398972804,0
2.6238166947644235,-2.687604287484099,-0.42681799574114965,-3.7014831802892885,0
0.041841302375931755,-1.0294185635332476,-2.3933357138809317,-1.1453775933175097,0
-0.3366988572359104,0.060823665181676256,-3.158643751458645,-0.3091817948084252,0
0.22730510389975922,-1.3377270713573315,-1.5798077235133707,-0.046483514801514136,0
1.1646485771689292,-1.4263872273843852,-0.5967403237782436,1.8584206149456697,0
1.6278737815858908,-0.6089302014052118,0.100841539628858,-1.107619822624747,0
1.5963324140854915,0.19505526386802563,0.46278705811013277,-2.228168711673241,0
1.705558686099569,-2.2102645759500117,-0.9018598784778191,0.4639781191150463,0
0.6122664049805555,-1.0402715095224835,-1.3869651668041008,-0.1896548760537372,0
1.5378844730206116,-1.821611162696723,-1.1451055000443326,-2.6582294180221253,0
2.369274384353076,-1.134019209390628,-0.028958468853228947,-4.4708493325473455,0
0.3922040395974985,-0.30506466738542515,2.331363240244948,-0.8646107747677452,0
0.7600456388168015,-0.29225903246741547,-1.136464169110877,1.882632953283597,0
2.3686648221943822,-2.0501691405166227,2.0468581700194153,0.760004561532459,0
0.5988139992281212,-1.4046885338469193,-1.9019551721937447,0.9308248203083409,0
2.665962844612901,-2.4309548533758054,0.34176163885450306,-0.8634733167857687,0
0.6347826285395952,-0.6349849321884561,-1.0798586901857425,-0.10400439318765231,0
0.5904597378791642,0.08189038856399078,-1.1677960790410582,-0.5830751654202784,0
1.5694827417994077,-2.089492517798976,-0.6005827786292223,1.1700719467289642,0
-0.5072898112688327,0.2710256028712805,-1.7448413683260733,1.9155735730279169,0
1.7282852794595307,-2.0432222890091367,-1.466215726157993,3.4927499922094487,0
1.2702224601548888,-1.865756614541759,-1.4050143097947043,-1.136377087855554,0
2.1645052740488433,-1.9745752042859472,-0.3690373468119911,-2.8165055597902997,0
1.4913317182686132,-2.341586275677731,-2.877524795041368,2.2045736876592255,0
1.8950621166787864,-1.76130983383938,0.0039975742984468265,2.4152706479349177,0
2.089757262415887,-1.027349780922198,0.0027058715883376827,-3.218050056550794,0
2.056553461515128,-1.370883999299128,-0.010537941889216307,-1.9361638803092822,0
1.4837028981032783,-1.449735604529752,0.7257863268340217,1.2751290785170335,0
0.5445485254350192,0.10441071465543139,-0.1711363042666878,-0.25822600080163793,0
1.5623265090557399,-1.3691799244111336,-0.5695776318870298,-3.3142169963499053,0
1.4041400424671342,-1.9506119733301177,-1.2926722710879157,1.4739139157683725,0
1.2325760410007982,-1.7549887734994893,-1.3682068212264182,-1.9889370875475905,0
0.9585119276718885,-1.0187898823460906,-0.996061287114205,0.7172295406073659,0
0.10575390432953369,-1.8035042087661481,-2.664391795652538,-0.9964855577593769,0
0.898059840790573,-0.8151693333821304,0.15865584955066336,0.8149794175269409,0
-0.227278941691629,0.145639251804073,-2.0473589035113315,-2.349961354401211,0
1.7060293752690008,-1.1533487185066102,-1.6094271936677125,2.2287017147006587,0
1.0922949420951382,-0.7054557112376522,-0.6341054574599541,1.2593090028261622,0
1.4902087492919878,-1.323999743912422,-1.2234133546820807,-0.08255536807939534,0
0.5116172261072496,-0.8602430260232443,-0.5280543857739879,0.060252657309631585,0
1.2927522297666272,-1.756981811975122,-0.7165951742872266,1.2382658323701026,0
-0.3629588752932289,0.7325071495101445,-1.5398870151573931,-0.29457113896699405,0
0.2146861459082422,-1.1155464406874196,-1.7960986675747095,0.6327999024588431,0
-1.637793841977599,1.0158346486686325,-2.5032337987144846,1.7315890461636956,0
0.754827840783584,-1.8859215386728698,-2.042976909674082,-1.5440112573934923,0
-1.3079608720038935,0.2764976251163298,-2.530905177658343,3.356517790994533,0
0.36603770129701374,-1.1346877292615871,-2.7189405804214415,1.1419336313526776,0
-0.2094207126158989,0.02058522910864591,-1.2927225282187416,2.0412701893472964,0
-0.8235062619205258,0.5423089840104987,-2.159680892535509,-0.6137746428871539,0
1.2808680702767308,-0.8860449263582824,-0.37700481724761636,0.1482977055832284,0
0.3698215712437829,-0.014735125533516191,-2.0536881333030026,0.26767429681279675,0
0.33066631746104,-0.374959548274414,-1.000996928999788,2.9791155419981927,0
0.16223158452325148,1.1043334643686364,-0.4488990739150044,1.4000866925036028,0
0.994942116186775,0.09699846041147286,0.3880793159890037,1.6722063658993869,0
1.0108490267899555,-0.8685916515207038,-0.45615173191235037,1.5797377657934362,0
0.9472716621011872,-1.1678252892432928,-1.157965791653811,-1.396072776341026,0
-0.1276682123294839,-0.5249888595871751,-2.0047046580358625,0.62508639027456,0
1.40184058325845,-1.8684734256938815,-4.241328540102318,4.627199798427375,0
-0.034422387866758886,-0.27554734255522495,-1.5037132648075455,0.19162319648891757,0
-0.21901905429714286,-0.18417138659591492,-1.8364900937997857,0.45655441142832,0
0.5205565013630399,-0.9491435190381987,-1.4996882903562219,-0.5749289850231352,0
0.9043531038234589,-1.2900253834887807,-1.6986459045654918,-3.2760621815510933,0
0.7984362470847561,-0.3457601157675462,-0.04138434851273887,1.279522305515135,0
-0.26514992993615216,0.6846339133063499,0.11638146474992883,-2.132258986106706,0
1.5016559320048817,-2.1456764062661455,-1.7651376503411593,-4.024496139679211,0
1.4757036556871417,-1.2423944107880154,0.7849184509519844,0.9798897170540511,0
2.6504457957562195,-1.413583258287648,-0.5029244377915635,2.0270786995274905,0
1.1583389997228402,-1.7648360410135373,-1.1847211850592687,1.4569738795452767,0
1.450131554725142,-0.984140014578338,-1.086731576589732,-0.9786461412746374,0
-0.05513232216568609,-0.005740688707591146,-1.9235633442151174,0.7457173685806554,0
0.20683038319136027,-0.83107658909078,-1.59650896215494,1.1165095403929124,0
1.1370976341115562,-1.57958865306111,0.23713249649252588,-0.4396602093107278,0
2.7192661621809218,-1.7757213432557797,0.41474155083505093,-3.670444280363256,0
0.7139043341731799,-0.22541181741064054,0.100465791136505,-0.6006599079481976,0
0.5345501808461846,-0.8003541574783298,-1.53933104032929,-1.3677728113358418,1
0.08383794266910527,1.4085225326384032,-0.6636783211102228,-0.33845617329520683,0
2.659741340043772,-2.8094394391610065,-0.07374115923047231,-0.360826567126609,0
1.6694006330331805,-1.1448377674365129,-0.4518502425249439,-2.763263303900872,0
1.633217003297729,-0.8753854334161961,-0.02774745849414062,-1.1065621234969072,0
2.1001768279726125,-3.043465785112502,-1.3074872948090852,-3.278352181969381,0
-1.3184411213183056,1.788564464778236,0.9060430998496791,1.1901184145363333,1
1.7201377556897763,-1.1288257477242216,-1.7005851763075355,2.3227335757509016,0
-1.421604261432679,-0.5285887241850252,-3.827993031760861,-2.0377845128979013,0
1.3964054204515124,-1.5285091687341599,-1.565388928483211,3.39861311150609,0
1.4264978930288577,-2.3088944298688854,-1.141811945559938,-1.0528037536851134,0
0.935596871943995,-0.922732606550672,-1.206728161709994,-0.18905121160019944,0
0.04835623745314355,0.025478353339045245,-0.9279249565648633,2.6594137373806372,0
1.9900809231440004,-2.8591670657463215,-1.018772223344601,-1.7028391423011522,0
0.5668852031631793,-0.5841716828789596,-0.06415232528356452,-0.9561556452203619,0
1.194411897839398,-0.321361813214608,-0.47472651111113107,2.107363357485578,0
1.411002287376969,-1.4628614302392893,-1.4045794637321214,2.044505237952738,0
1.3828329552349719,-1.615597510115862,-1.2523297018198578,1.3340080021692045,0
0.030871388646899645,0.9428806141465138,-0.5283093015161335,0.6596772502231623,0
1.740728056677673,-1.6394291205927596,-0.39708205644912864,1.4570497914946094,0
0.899279070385786,-1.6671940601732649,-1.3932119572280455,-0.5469724235344215,0
0.21606572603502483,-0.32273994521162885,-1.295894102537868,-0.1484220290376157,0
2.0473667802874687,-1.6844719920076112,-0.16520166937325786,-2.21716234026764,0
1.8241528848687785,-2.02401387005459,-1.448423140631288,2.48233338834958,0
0.6398836490327734,-0.3086202363178979,-0.9781405235722205,-1.0555243042575868,0
1.4560616498670313,-0.8098381748489594,-0.8266971743915832,-4.689504956944802,0
-0.1998750360277317,-0.038112614372526665,-2.0743966996344683,-2.071211023553553,0
0.37823867273033684,-0.8474551030724964,-1.1027571068846722,1.345813575100758,0
-0.5744710064658292,0.8863808994303994,-1.517070925122228,1.1313573213405141,0
1.2680009400165546,-1.235289237444771,-0.7674938454468707,-0.762442285190484,0
1.1681862246099752,-1.2876369606924192,-1.8086532385509546,1.6172945071376128,0
1.397894256006472,-1.3198199656771357,-0.07730555798021299,0.21780054133777893,0
0.4715590716169147,-1.0317413923784007,-2.007037132602742,0.5499827734199954,0
1.6451240608456466,-0.6651136433160749,-0.3298647252736535,-2.915126128252229,0
1.2230569723901632,-1.3270426941129485,-1.4843067780030499,-4.8957289242857325,0
0.03808651294064114,0.9714774774925128,-2.27150118416089,1.7937270679036965,0
2.063639271893987,-1.412451086728907,1.9372168700636316,1.7143083927498908,0
-0.1343288828383582,-0.24865670443841448,-1.7244819049797364,0.515488411658074,0
0.9339734895442522,-0.3803833254225597,-0.6554014281064169,-0.23506988455504452,0
1.1613267362084156,-1.8098049635119504,-1.4381709378125824,-1.6830411287422198,0
-0.7188336706731615,0.8023144752101865,-1.643407849281822,0.6511407542012466,0
0.9576072029025795,-2.2033072465621055,-2.1917920451914155,-1.5648927166416788,0
1.8856337794455738,-1.2428992349363501,2.97508837813732,0.3049069816094597,0
1.6426999379872298,-1.8164637613950603,-0.8037856938680157,-1.8504183845822215,0
-0.6446634005865084,3.3966993680751205,0.14924974642767486,-0.6902625472995625,1
0.854117550237677,-2.6611301190542775,-2.060857714944719,-0.756874769436986,0
2.25418828410367,-1.2010619575211061,0.14327135893621978,-3.6005032241678134,0
2.2366680451592265,-1.6165869268687483,-0.4155283538371447,-4.049413473861212,0
-0.0008323456395737949,-1.5596120089529322,-2.1744348678595493,0.5086930590657941,0
1.5510586749258206,-2.754312811304904,-0.18194516717517917,3.1795383657223404,0
0.020648582377983615,-0.4329952239791859,-4.7651895213155,1.5454548774099137,0
1.4177934205068894,-1.9043735854206385,-2.2489958399745413,3.1540035442930834,0
1.636873165580553,-1.4580226047612292,-0.2501594439113364,1.0929618108636148,0
1.103953288603888,-1.0767561504277239,0.7307448846446796,-0.6977441671724594,0
0.19202406976941222,-0.7893889648012857,-1.728020558320055,-0.84763601982568,0
0.3603206496259824,-0.261599766430184,-1.2866303893483675,-1.4018689954633003,0
2.2808899892540406,-2.4823712166732,-0.6818098522862994,2.015197324815963,0
0.39631230338210677,-0.14853325772125514,-0.9923861971519047,0.32022450489380583,0
2.7171950396739497,-3.1262355231273036,-0.5764660625815765,-2.891149475244275,0
0.6245131372260122,-0.9025304472497344,-2.935733022359055,1.870604629735352,0
-0.1117254562058656,0.33156023256734,2.035162395470503,-1.4988260311537198,1
0.8005793907872513,-0.755912523222588,0.07912827146463286,0.7551545148314314,0
1.516095291377673,0.4516040544856199,0.6918282417393067,-0.26997125274687295,0
1.1440266717793246,-1.7115590216805638,-1.626622926715236,-3.437668747939578,0
0.577232083399464,-0.6780917678743921,-1.2214312036039745,-1.038337904528962,0
0.32019536968796036,0.09621846331201933,-4.657775780277143,1.7709464989737351,0
0.4834187770324755,0.098249500635464,1.012272123233089,-1.048551170003023,0
2.2934469358553415,-1.436220101537252,0.2841765436317125,-1.9449161844138785,0
-1.0978555910932037,0.09170754269307024,-3.236999153826993,-3.5996284361233424,0
0.3262849555377185,-0.977452428959676,-1.4794018337072616,0.5084510923947134,0
0.38711523630213185,-0.7262119661400193,-1.3245120095686223,0.6426131348928774,0
1.536084838203133,-1.8737427720855888,0.14524579505991086,0.9667667366926338,0
1.112172718172053,-1.3939823440631078,-1.2241391919836708,-1.9592804856806803,0
0.9885392389731026,-1.1597760977623843,-1.0934886187730888,-0.11314518521845818,0
1.4224830477222283,-0.6439431766521013,-0.09853592610257655,0.9673929281819746,0
0.6755350353731511,-0.5496689630714183,-1.4860529451459408,-2.7187330922263957,0
0.8662025850992287,-1.6484497713869593,-1.8648891413529962,-1.6112185142919664,0
1.3354174838580577,-0.8719330954896708,-1.360764631615178,2.15602029192162,0
-0.5908589458498863,-0.014600228798691384,-2.250433533151033,0.889227803693738,0
3.2015361066817696,-1.7108921502255505,1.278961866647018,-2.5183578042665546,0
0.6285169387454725,-0.544807213177323,-2.66970214010799,1.6638620914352864,0
-0.3881720729476126,0.24888935821163427,-3.677794436419746,2.3304675058922273,0
-1.336377034970564,1.2099366726075522,-3.075843753196698,-0.11166487127337787,0
1.1887360659569703,-0.8473455213926921,0.5106032806764034,0.8741937421766268,0
2.057952062529603,-2.1685215141943486,-0.7278517501612661,-0.9610254189471149,0
1.4620769380469336,-1.6936239042188688,-1.0300425434800289,-2.4476139561064962,0
0.9465785290547968,-0.3795213482812423,-0.591190671703328,-0.9415689584401455,0
0.518899771224846,-0.8543889259464836,-1.5333943425159604,-1.423604314944558,0
1.8748742424999822,-0.595022005196511,-0.15641769174466713,-3.2329199226600593,0
1.1149451552658416,-0.05595524615776726,0.7284740092999553,0.6072656224844646,1
0.8328428959769427,-0.5410992174313528,-0.6532104934180423,0.8191435226915831,0
1.0031578524107923,-0.9563032317753501,-0.5584521860833552,0.30822047702536604,0
2.0510943406370465,-2.4820546580237757,-1.3560706377046476,1.5041045153331893,0
1.6734784222187162,-1.8066790435752123,-0.05674642468895241,1.7400006847557088,0
1.7033039157805927,-0.4099615130598053,0.09022570084022874,-1.459291804793403,0
1.2898832384477292,-1.0671998501387308,0.22270957068903074,0.24834612704777315,0
0.749886438381796,-0.7136876143698672,-0.7619053962345422,-0.17943687353253068,0
0.08961340745704649,-0.6656073004065111,-1.9341531780664631,-0.27330418874738094,0
1.3225863087806367,-0.24598980780374047,0.8814654274315143,-0.3469752102648933,0
2.3492381230694046,-2.429343454262407,-0.3401948905814334,-0.053295899741878094,0
1.2982349394634747,-1.3112608353852906,-0.7057031478045701,-0.7838619601218988,0
3.01345316762029,-1.9744737253466003,0.9396469752187975,-0.9572350813997696,0
1.472817760300889,-1.29557344162961,-1.7412852830774717,1.4388258238292275,0
1.0205341189133996,-1.6218849074068475,-1.7078672698815298,-2.97809522662805,0
0.8295320690451117,-0.9589388396564726,-1.4202118526973675,-1.9327792432939863,0
1.8341310715886578,-1.677733178786725,-3.0979129209424334,3.519628883274827,0
1.574401048015004,-1.199715483408432,-1.8013673977235318,1.132871553753973,0
2.612439108764877,-1.9261922723453346,0.5452476492535723,-0.8102405123320348,0
1.7710332225927676,-0.8828613336624367,0.1976569864144686,-0.4739566179224305,0
1.2086902069353502,-0.9513517930033736,0.3540384367826266,0.7491643615471117,0
1.79558824259015,-1.3550897116222929,2.6714820910385875,-0.40052379572023233,0
0.15782747072846792,-0.8801334037863662,0.2982989425464784,-0.20959143611554598,0
-0.6111592901331528,1.1116583338126396,-2.6658286336873083,0.32020759044532754,0
0.614774343961331,-1.0139740257763046,-0.7525256666470157,0.05680142803420618,0
1.1275060290007224,-0.8304821097614271,0.14209873364696524,0.30231915360600803,0
-0.10096114123290123,0.108570900244084,-1.5014847087421268,-1.1900133802900408,0
-0.08184308653415373,-0.24424703360849342,-0.32952466671868585,0.021393992291542263,0
